{"cameraMode":{"drawMode":0,"name":"Shaded","section":"Shading Mode"},"sceneLighting":false,"audioPlay":false,"sceneViewState":{"m_AlwaysRefresh":false,"showFog":true,"showSkybox":false,"showFlares":true,"showImageEffects":true,"showParticleSystems":true,"showVisualEffectGraphs":true,"m_FxEnabled":true},"in2DMode":false,"pivot":{"x":-3.493410110473633,"y":-2.2899999618530275,"z":-6.639999866485596},"rotation":{"x":-0.00030280908686108887,"y":0.9675846099853516,"z":-0.25254493951797488,"w":-0.0011600905563682318},"size":1.2247449159622193,"orthographic":false}