{"cameraMode":{"drawMode":0,"name":"Shaded","section":"Shading Mode"},"sceneLighting":false,"audioPlay":false,"sceneViewState":{"m_AlwaysRefresh":false,"showFog":true,"showSkybox":false,"showFlares":true,"showImageEffects":true,"showParticleSystems":true,"showVisualEffectGraphs":true,"m_FxEnabled":true},"in2DMode":false,"pivot":{"x":0.1599999964237213,"y":0.15000000596046449,"z":8.667320251464844},"rotation":{"x":-0.27000945806503298,"y":-0.19417433440685273,"z":0.05569051206111908,"w":-0.9414320588111877},"size":0.25980740785598757,"orthographic":false}